#,shop,ask_for,phone,city,hook,script,stage
1,Weaver's Tire & Automotive,Gene or Mark (Bill is sales),(813) 685-2906,Brandon,"345 reviews at 4.6; listing unclaimed; website button is Facebook","G'day, it's Hans. Can I speak with Gene or Mark? We noticed Weaver's didn't have a website — Maps still says claim this business and the site button goes to Facebook — so we drafted one. Can I text or email you the link? If you want it live it's $99 to turn on and $49 a month. If not, tell me to pound sand.",live
2,Bennett's Auto Care by Scotty,Scott,(813) 571-1520,Brandon,"85 reviews at 4.9; Maps says Add website; old domain 404","G'day, it's Hans. Can I speak with Scott? We noticed Bennett's didn't have a working site — bennettsautocare.com is 404 and Maps says add website — so we drafted one. Can I text or email you the link? $99 to turn on and $49 a month. If not, tell me to pound sand.",live
3,Automotive Edge,Nick,(813) 506-2812,Brandon,"Unclaimed listing; no website; no photos","G'day, it's Hans. Can I speak with Nick? We noticed Automotive Edge has no website on Google and the listing is unclaimed, so we drafted one. Can I text or email you the link? $99 setup and $49 a month. If not, no hard feelings.",live
4,Haynes Engine Works,Brian,(813) 502-5920,Brandon,"78 reviews at 4.6; website button is Facebook","G'day, it's Hans. Can I speak with Brian? Haynes' Google button goes to Facebook and there's no shop site, so we drafted one. Can I text or email the link? $99 and $49 a month. If not, tell me to pound sand.",live
5,RB Auto Connection,Rafael,(813) 381-4044,Brandon,"20 reviews at 5.0; no website","G'day, it's Hans. Can I speak with Rafael? RB Auto has no website on Maps, so we drafted one. Can I text or email you the link? $99 to turn on and $49 a month. If not, no hard feelings.",live
6,Acevedo Euro Import,Leslie,(813) 787-5905,Brandon,"36 reviews at 4.5; website button is Facebook","G'day, it's Hans. Can I speak with Leslie? Acevedo's Maps button goes to Facebook and there's no shop site, so we drafted one. Can I send the link? $99 and $49 a month. If not, pound sand is fine.",live
7,El Toro Tire & Service,Arturo,(813) 441-4648,Plant City,"203 reviews; no website; email on the sign","G'day, it's Hans. Can I speak with Arturo? El Toro has 203 Google reviews and no website, so we drafted one. Can I text or email the link to eltorotireservice@gmail.com? $99 and $49 a month. If not, no hard feelings.",live
8,JPE Auto Repairs,Luis,(813) 652-8282,Plant City,"55 reviews; no website; Se habla Español","G'day, it's Hans. Can I speak with Luis? JPE has no website on Google, so we drafted one. Can I text or email Jpeautosrepairs@gmail.com the link? $99 setup and $49 a month. If not, tell me to pound sand.",live
9,Mozalez Auto Repair,Mark,(813) 520-0635,Plant City,"226 reviews at 4.9; Maps link is a dead Duda page","G'day, it's Hans. Can I speak with Mark? Mozalez's Maps website link says SITE NOT FOUND, so we drafted a real page. Can I send you the link? $99 and $49 a month. If not, no hard feelings.",live
10,The Tire Shop of Plant City,Rick or Sara,(813) 752-2532,Plant City,"419 reviews at 4.9; website button is Facebook","G'day, it's Hans. Can I speak with Rick or Sara? The Tire Shop has 419 reviews and the Maps button goes to Facebook, so we drafted a site. Can I text or email the link? $99 and $49 a month. If not, pound sand.",live
11,Aviles Tires,Gabriel,(813) 946-2792,Plant City,"182 reviews; Maps link is a third-party directory","G'day, it's Hans. Can I speak with Gabriel? Aviles' Maps website goes to a directory page, not your own site, so we drafted one. Can I send the link? $99 and $49 a month. If not, no hard feelings.",live
12,Automax Services,Maria,(813) 441-4477,Plant City,"176 reviews at 4.8; no website; Se habla Español","G'day, it's Hans. Can I speak with Maria? Automax has 176 reviews and no website, so we drafted one. Can I text or email the link? $99 and $49 a month. If not, tell me to pound sand.",live
13,92 Tires,whoever answers,(813) 752-4600,Plant City,"415 reviews; no website","G'day, it's Hans. We noticed 92 Tires has 415 Google reviews and no website, so we drafted one. Can I text or email you the link? $99 to turn on and $49 a month. If not, no hard feelings.",live
14,Hometown Tire & Auto Repair,Brandon (staff) or owner,(813) 652-8093,Plant City,"148 reviews at 4.5; no website","G'day, it's Hans. Can I speak with Brandon or the owner? Hometown has no website on Google, so we drafted one. Can I send the link? $99 and $49 a month. If not, pound sand is fine.",live
15,Boyd's Auto Center,Brady,(813) 677-1865,Riverview,"152 reviews at 4.5; no website","G'day, it's Hans. Can I speak with Brady? Boyd's has 152 reviews and no website, so we drafted one. Can I text or email the link? $99 and $49 a month. If not, tell me to pound sand.",live
16,Sonny's Tire & Automotive,Jason,(813) 626-4556,Riverview,"206 reviews; old domain is for sale","G'day, it's Hans. Can I speak with Jason? sonnystireandauto.com is now a for-sale page, so we drafted a new one. Can I send the link? $99 and $49 a month. If not, no hard feelings.",live
17,Caribbean Auto Service & Tire Shop,whoever answers,(813) 647-6409,Riverview,"No website; Maps only lists tire shop","G'day, it's Hans. We drafted a site for Caribbean Auto because Maps has no website. Can I text or email you the link? $99 and $49 a month. If not, tell me to pound sand.",live
18,DK European Services & Repairs,Danny,(813) 802-1695,Valrico,"49 reviews at 4.8; 102 BMW photos; no website","G'day, it's Hans. Can I speak with Danny? DK European has no website to show those BMW photos, so we drafted one. Can I send the link? $99 and $49 a month. If not, no hard feelings.",live
19,Brandon Auto Tech,Ahmad,(813) 689-5950,Seffner,"26 reviews at 4.8; no website; no photos","G'day, it's Hans. Can I speak with Ahmad? Brandon Auto Tech has no website on Maps, so we drafted one. Can I text or email the link? $99 and $49 a month. If not, pound sand.",live
20,Millenium Tire Service,Mark,(813) 641-8446,Ruskin,"238 reviews at 4.7; mtstires.com is dead","G'day, it's Hans. Can I speak with Mark? mtstires.com is parked and Maps has no site, so we drafted one. Can I send the link? $99 and $49 a month. If not, no hard feelings.",live
21,New Vision Auto Cares,Juan,(917) 807-2785,Gibsonton,"37 reviews all 5-star; no website","G'day, it's Hans. Can I speak with Juan? New Vision has 37 five-star reviews and no website, so we drafted one. Can I text or email the link? $99 and $49 a month. If not, tell me to pound sand.",live
22,Cruzcitos Tire Shop,Valerie,(813) 454-9413,Gibsonton,"88 reviews at 4.7; open Sundays; no website","G'day, it's Hans. Can I speak with Valerie? Cruzcitos has no website on Google, so we drafted one. Can I send the link? $99 and $49 a month. If not, no hard feelings.",live
23,South Bay Tire,whoever answers,(813) 236-4131,Gibsonton,"251 reviews; no website","G'day, it's Hans. South Bay Tire has 251 Google reviews and no website, so we drafted one. Can I text or email you the link? $99 and $49 a month. If not, pound sand is fine.",live
24,Second Chance Tires and Wheels,Mark,(863) 698-7945,Lakeland,"177 reviews at 4.9; listing UNCLAIMED","G'day, it's Hans. Can I speak with Mark? Second Chance has 177 reviews and the Google listing is still unclaimed with no website, so we drafted one. Can I send the link? $99 and $49 a month. If not, tell me to pound sand.",live
25,Webb's Service Center,Dan,(863) 686-5498,Lakeland,"Since 1957; 67 reviews at 4.9; no website","G'day, it's Hans. Can I speak with Dan? Webb's has been there since 1957 and still has no website on Maps, so we drafted one. Can I send the link? $99 and $49 a month. If not, no hard feelings.",live
26,Wesco Tire Service,whoever answers,(863) 682-4319,Lakeland,"458 reviews at 4.6; listing UNCLAIMED","G'day, it's Hans. Wesco has 458 Google reviews and the listing is still unclaimed with no website, so we drafted one. Can I text or email you the link? $99 and $49 a month. If not, tell me to pound sand.",live
27,Grant's Auto,whoever answers,(863) 666-1282,Lakeland,"57 reviews at 4.8; unclaimed; grantsauto.net dead","G'day, it's Hans. grantsauto.net doesn't load and the Maps listing is unclaimed, so we drafted a site. Can I send you the link? $99 and $49 a month. If not, no hard feelings.",live
