#,shop,ask_for,phone,city,stage,result,text_sent,email_sent,interested,notes
1,Weaver's Tire & Automotive,Mark,(813) 685-2906,Brandon,called,not interested,no,no,no,Mark 29 Sep. Long-time shop. Do not call.
2,Bennett's Auto Care by Scotty,Scott,(813) 571-1520,Brandon,called,email sent,no,yes,yes,Email bennettsfl@gmail.com 29 Sep. Combining shops to a 160 address. Leave him.
3,Automotive Edge,Nick,(813) 506-2812,Brandon,called,text sent,yes,no,,Nick asked for text 1 Oct. In a meeting.
4,Haynes Engine Works,Brian,(813) 502-5920,Brandon,called,not interested,no,no,no,Brian 1 Oct. Do not call.
5,RB Auto Connection,Rafael,(813) 381-4044,Brandon,called,voicemail,no,no,,Message service 1 Oct. No message left. Retry.
6,Acevedo Euro Import,Leslie,(813) 787-5905,Brandon,called,voicemail,no,no,,Message service 1 Oct. No message left. Retry.
7,El Toro Tire & Service,Arturo,(813) 441-4648,Plant City,called,callback,no,no,,Arturo not in 1 Oct. Retry.
8,JPE Auto Repairs,Luis,(813) 652-8282,Plant City,called,hung up,no,no,no,Hung up 1 Oct. Do not call again soon.
9,Mozalez Auto Repair,Mark,(813) 520-0635,Plant City,called,text sent,yes,no,,Mark asked for text 1 Oct.
10,The Tire Shop of Plant City,Rick or Sara,(813) 752-2532,Plant City,called,no answer,no,no,,No answer 6 Oct. Retry.
11,Aviles Tires,Gabriel,(813) 946-2792,Plant City,called,hung up,no,no,no,Hung up 6 Oct. Do not call again today.
12,Automax Services,Maria,(813) 441-4477,Plant City,called,no answer,no,no,,No answer 6 Oct. Retry.
13,92 Tires,Fidel,(813) 752-4600,Plant City,called,callback,no,no,,Owner Fidel not in 6 Oct. Retry.
14,Hometown Tire & Auto Repair,Brandon Prince,(813) 652-8093,Plant City,called,callback,no,no,,Lady answered 6 Oct. Brandon on a car. They do not take texts. He may call. Hans calls back if no callback by Thu 8 Oct.
15,Boyd's Auto Center,Tim Roberts,(813) 677-1865,Riverview,called,email sent,no,yes,,Brady gone. Tim is owner. Email timroberts0213@gmail.com sent 6 Oct.
16,Sonny's Tire & Automotive,Jason,(813) 626-4556,Riverview,called,email sent,no,yes,,Email sonnystireandauto@gmail.com sent 6 Oct.
17,Caribbean Auto Service & Tire Shop,whoever,(813) 647-6409,Riverview,called,voicemail,no,no,,Voicemail 6 Oct. No message. Retry.
18,DK European Services & Repairs,Danny,(813) 802-1695,Valrico,called,voicemail,no,no,,Voicemail 6 Oct. No message. Retry.
19,Brandon Auto Tech,Ahmad,(813) 689-5950,Seffner,called,voicemail,no,no,,Voicemail 6 Oct. No message. Retry.
20,Millenium Tire Service,Mark,(813) 641-8446,Ruskin,called,not interested,no,no,no,Not interested 6 Oct. Do not call.
21,New Vision Auto Cares,Juan,(917) 807-2785,Gibsonton,called,not interested,no,no,no,Did not want it 6 Oct. Do not call.
22,Cruzcitos Tire Shop,Valerie,(813) 454-9413,Gibsonton,called,no answer,no,no,,Rang out 6 Oct. Retry.
23,South Bay Tire,whoever,(813) 236-4131,Gibsonton,called,no answer,no,no,,Rang out 6 Oct. Retry.
24,Second Chance Tires and Wheels,Mark Guilds,(863) 698-7945,Lakeland,called,not interested,no,no,no,Not interested 6 Oct. Do not call.
25,Webb's Service Center,Dan,(863) 686-5498,Lakeland,live,,,,,Tomorrow. Case if Dan is not there.
26,Wesco Tire Service,owner,(863) 682-4319,Lakeland,live,,,,,Tomorrow.
27,Grant's Auto,owner,(863) 666-1282,Lakeland,live,,,,,Tomorrow.
